City_ID,City,Cloudiness,Country,Date,Humidity,Lat,Lng,Max Temp,Wind Speed
0,Eenhana,52,NA,2022-10-06 01:46:08,18,-17.4667,16.3333,69.46,4.59
1,Ciego De Avila,29,CU,2022-10-06 01:49:43,72,21.84,-78.7619,74.64,6.11
2,New Norfolk,100,AU,2022-10-06 01:49:44,61,-42.7826,147.0587,58.91,11.65
3,Hobart,75,AU,2022-10-06 01:49:39,69,-42.8794,147.3294,59.25,14.97
4,Hermanus,3,ZA,2022-10-06 01:49:44,82,-34.4187,19.2345,45.81,12.57
5,Nikolskoye,99,RU,2022-10-06 01:48:04,98,59.7035,30.7861,49.91,8.01
6,Puerto Ayora,95,EC,2022-10-06 01:48:40,93,-0.7393,-90.3518,67.55,5.99
7,Celestun,4,MX,2022-10-06 01:49:46,64,20.8667,-90.4,77.43,12.55
8,San Quintin,59,MX,2022-10-06 01:49:46,82,30.4833,-115.95,68.85,6.62
9,Kruisfontein,0,ZA,2022-10-06 01:49:46,90,-34.0033,24.7314,53.89,5.88
10,Ponta Do Sol,22,PT,2022-10-06 01:49:47,84,32.6667,-17.1,69.71,6.22
11,Piedras Negras,5,MX,2022-10-06 01:49:47,48,28.7,-100.5167,79.65,8.37
12,Clyde River,100,CA,2022-10-06 01:49:48,80,70.4692,-68.5914,25.03,19.57
13,Mandalgovi,2,MN,2022-10-06 01:49:48,21,45.7625,106.2708,39.25,10.2
14,Torbay,20,CA,2022-10-06 01:49:49,85,47.6666,-52.7314,52.27,19.57
15,Ushuaia,100,AR,2022-10-06 01:46:11,93,-54.8,-68.3,38.86,29.93
16,Mar Del Plata,0,AR,2022-10-06 01:49:49,87,-38.0023,-57.5575,59.09,5.75
17,Lorengau,73,PG,2022-10-06 01:49:50,71,-2.0226,147.2712,85.5,12.5
18,Komsomolskiy,0,UZ,2022-10-06 01:49:50,40,40.4272,71.7189,50.72,9.22
19,Eureka,46,US,2022-10-06 01:49:50,83,40.8021,-124.1637,60.21,1.01
20,Rikitea,71,PF,2022-10-06 01:46:15,59,-23.1203,-134.9692,69.94,20.24
21,Rawson,100,AR,2022-10-06 01:49:51,28,-43.3002,-65.1023,65.66,20.85
22,Cabo San Lucas,69,MX,2022-10-06 01:48:25,66,22.8909,-109.9124,83.52,3.0
23,Tuktoyaktuk,100,CA,2022-10-06 01:49:52,93,69.4541,-133.0374,33.8,14.97
24,Vila Velha,40,BR,2022-10-06 01:47:11,88,-20.3297,-40.2925,75.15,5.75
25,Chapais,99,CA,2022-10-06 01:48:12,95,49.7834,-74.8492,58.78,8.5
26,East London,100,ZA,2022-10-06 01:49:52,83,-33.0153,27.9116,63.61,10.89
27,Thompson,75,CA,2022-10-06 01:45:22,86,55.7435,-97.8558,28.56,13.8
28,Nanortalik,36,GL,2022-10-06 01:49:53,88,60.1432,-45.2371,37.92,14.72
29,Andenes,75,NO,2022-10-06 01:49:53,18,69.3143,16.1194,46.38,14.97
30,Mahon,0,ES,2022-10-06 01:49:54,88,39.8885,4.2658,66.76,3.44
31,Punta Arenas,0,CL,2022-10-06 01:46:14,76,-53.15,-70.9167,44.71,12.66
32,Lisakovsk,100,KZ,2022-10-06 01:49:55,25,52.5369,62.4936,45.79,9.26
33,Samsun,75,TR,2022-10-06 01:49:55,99,41.25,36.3333,61.56,2.3
34,Ulladulla,100,AU,2022-10-06 01:49:55,94,-35.35,150.4667,59.9,15.17
35,Cartagena,40,CO,2022-10-06 01:48:49,78,10.3997,-75.5144,82.02,2.3
36,Bathsheba,75,BB,2022-10-06 01:49:56,83,13.2167,-59.5167,81.21,16.11
37,Ribeira Grande,96,PT,2022-10-06 01:49:57,83,38.5167,-28.7,71.06,4.52
38,Alekseyevsk,94,RU,2022-10-06 01:49:57,54,57.8406,108.3492,33.13,5.35
39,Lebu,100,CL,2022-10-06 01:49:58,91,-37.6167,-73.65,50.88,10.92
40,Boende,100,CD,2022-10-06 01:49:58,96,-0.2167,20.8667,68.68,1.01
41,Arraial Do Cabo,100,BR,2022-10-06 01:49:58,85,-22.9661,-42.0278,69.08,12.93
42,Bachaquero,100,VE,2022-10-06 01:49:59,82,9.9694,-71.1494,80.22,5.55
43,Jamestown,0,US,2022-10-06 01:49:37,67,42.097,-79.2353,55.04,1.01
44,Vaini,100,TO,2022-10-06 01:50:00,83,-21.2,-175.2,76.6,8.68
45,Khatanga,100,RU,2022-10-06 01:50:01,99,71.9667,102.5,6.46,4.05
46,Albany,12,US,2022-10-06 01:50:47,91,42.6001,-73.9662,52.74,4.14
47,Busselton,89,AU,2022-10-06 01:51:01,62,-33.65,115.3333,57.42,14.47
48,Alofi,75,NU,2022-10-06 01:51:02,69,-19.0595,-169.9187,82.29,13.8
49,Vardo,100,NO,2022-10-06 01:51:03,76,70.3705,31.1107,44.58,16.11
50,Ibaiti,100,BR,2022-10-06 01:51:03,82,-23.8486,-50.1878,64.06,5.86
51,Atuona,1,PF,2022-10-06 01:51:04,77,-9.8,-139.0333,76.91,18.14
52,Loralai,0,PK,2022-10-06 01:51:04,22,30.3705,68.598,65.52,3.36
53,Cayenne,0,GF,2022-10-06 01:46:13,89,4.9333,-52.3333,78.84,3.44
54,Hilo,75,US,2022-10-06 01:51:05,83,19.7297,-155.09,82.26,9.22
55,Kavaratti,100,IN,2022-10-06 01:51:05,76,10.5669,72.642,81.46,15.43
56,Lavrentiya,100,RU,2022-10-06 01:51:06,93,65.5833,-171.0,38.77,34.11
57,Hurghada,0,EG,2022-10-06 01:51:06,41,27.2574,33.8129,80.64,9.22
58,Rocha,100,UY,2022-10-06 01:51:07,95,-34.4833,-54.3333,54.36,7.52
59,Codrington,100,AU,2022-10-06 01:51:08,81,-38.2667,141.9667,63.3,12.88
60,Vanimo,85,PG,2022-10-06 01:51:08,68,-2.6741,141.3028,85.84,9.91
61,Berlevag,100,NO,2022-10-06 01:51:09,81,70.8578,29.0864,42.8,11.5
62,Hervey Bay,41,AU,2022-10-06 01:51:09,68,-25.2986,152.8535,70.43,13.15
63,Acapulco,81,MX,2022-10-06 01:51:10,81,16.8634,-99.8901,79.56,5.53
64,Cherskiy,100,RU,2022-10-06 01:51:10,94,68.75,161.3,29.88,10.38
65,Babushkin,100,RU,2022-10-06 01:51:11,49,51.7122,105.8647,40.21,2.91
66,Awbari,0,LY,2022-10-06 01:51:11,42,26.5921,12.7805,69.22,8.59
67,Pueblo Nuevo,85,MX,2022-10-06 01:51:11,94,23.3833,-105.3833,54.1,3.13
68,Kavieng,91,PG,2022-10-06 01:51:12,71,-2.5744,150.7967,84.61,14.18
69,Krasnyy Chikoy,16,RU,2022-10-06 01:51:13,44,50.3643,108.7512,36.64,1.86
70,San Patricio,7,US,2022-10-06 01:51:14,57,28.017,-97.5169,80.46,8.41
71,Kaitangata,95,NZ,2022-10-06 01:51:14,80,-46.2817,169.8464,42.87,17.58
72,Cabinda,100,AO,2022-10-06 01:51:14,87,-5.55,12.2,75.36,6.87
73,Hofn,42,IS,2022-10-06 01:51:15,57,64.2539,-15.2082,42.33,10.87
74,Batticaloa,100,LK,2022-10-06 01:51:16,72,7.7102,81.6924,80.08,4.18
75,Sept-Iles,75,CA,2022-10-06 01:48:59,93,50.2001,-66.3821,50.52,2.3
76,Sioux Lookout,75,CA,2022-10-06 01:51:17,87,50.1001,-91.917,50.07,14.97
77,Grindavik,75,IS,2022-10-06 01:51:17,93,63.8424,-22.4338,41.47,5.75
78,Port Elizabeth,40,ZA,2022-10-06 01:51:17,87,-33.918,25.5701,59.31,9.22
79,Bredasdorp,1,ZA,2022-10-06 01:51:18,91,-34.5322,20.0403,48.69,7.29
80,Isangel,75,VU,2022-10-06 01:51:18,78,-19.55,169.2667,80.71,11.5
81,Okha,95,RU,2022-10-06 01:51:19,71,53.5739,142.9478,36.9,20.8
82,Esperance,24,AU,2022-10-06 01:51:20,57,-33.8667,121.9,57.96,21.41
83,Faya,47,SA,2022-10-06 01:51:20,31,18.3851,42.4509,68.11,6.93
84,Ilulissat,100,GL,2022-10-06 01:51:21,70,69.2167,-51.1,17.62,5.1
85,Port Alfred,66,ZA,2022-10-06 01:51:21,94,-33.5906,26.891,57.18,1.99
86,Lagoa,97,PT,2022-10-06 01:51:22,86,39.05,-27.9833,69.03,17.58
87,Nicoya,100,CR,2022-10-06 01:51:22,92,10.1483,-85.452,75.56,2.71
88,Ilhabela,96,BR,2022-10-06 01:51:23,93,-23.7781,-45.3581,68.04,10.09
89,Dhidhdhoo,100,MV,2022-10-06 01:49:52,76,6.8833,73.1,81.63,17.34
90,Padang,97,ID,2022-10-06 01:49:35,82,-0.9492,100.3543,78.85,6.29
91,Georgetown,20,MY,2022-10-06 01:46:40,87,5.4112,100.3354,81.9,3.44
92,Airai,94,TL,2022-10-06 01:51:25,52,-8.9266,125.4092,74.23,3.6
93,Leh,0,IN,2022-10-06 01:51:26,50,34.1667,77.5833,44.1,4.14
94,Biloela,15,AU,2022-10-06 01:51:26,41,-24.4167,150.5,80.67,1.95
95,Sabang,92,ID,2022-10-06 01:52:27,77,5.8933,95.3214,79.92,9.75
96,Ilesha,100,NG,2022-10-06 01:52:28,99,7.1371,5.2583,70.59,2.59
97,Bethel,100,US,2022-10-06 01:52:28,89,41.3712,-73.414,59.54,4.0
98,Aruppukkottai,100,IN,2022-10-06 01:52:29,64,9.5167,78.1,81.03,3.38
99,Porbandar,25,IN,2022-10-06 01:52:29,74,21.6422,69.6093,80.08,9.8
100,Sinnamary,3,GF,2022-10-06 01:52:29,87,5.3833,-52.95,78.57,9.62
101,Viedma,0,AR,2022-10-06 01:48:27,65,-40.8135,-62.9967,57.97,19.66
102,Great Yarmouth,0,GB,2022-10-06 01:52:30,73,52.6083,1.7305,50.45,19.1
103,Gasa,7,PS,2022-10-06 01:51:35,77,31.5,34.4667,67.87,5.73
104,Carnarvon,0,AU,2022-10-06 01:52:31,34,-24.8667,113.6333,68.07,25.32
105,Cape Town,20,ZA,2022-10-06 01:51:14,77,-33.9258,18.4232,61.38,6.91
106,Launceston,75,AU,2022-10-06 01:52:31,70,-41.45,147.1667,58.15,16.11
107,Mataura,73,NZ,2022-10-06 01:52:32,91,-46.1927,168.8643,47.48,10.65
108,Coquimbo,0,CL,2022-10-06 01:52:32,94,-29.9533,-71.3436,55.13,2.3
109,Crowley,9,US,2022-10-06 01:52:33,59,30.2141,-92.3746,74.98,2.37
110,Coihaique,100,CL,2022-10-06 01:47:59,76,-45.5752,-72.0662,44.55,4.61
111,Butaritari,8,KI,2022-10-06 01:52:33,72,3.0707,172.7902,82.31,13.71
112,Kalakamati,0,BW,2022-10-06 01:52:34,34,-20.5929,27.3121,68.59,8.39
113,Saskylakh,94,RU,2022-10-06 01:52:35,96,71.9167,114.0833,10.35,5.5
114,Cody,0,US,2022-10-06 01:50:06,44,44.5263,-109.0565,64.62,9.22
115,Upernavik,100,GL,2022-10-06 01:52:35,89,72.7868,-56.1549,19.92,4.47
116,Asau,100,RO,2022-10-06 01:52:36,78,46.4333,26.4,42.28,6.02
117,Kijang,100,KR,2022-10-06 01:52:36,77,35.2442,129.2139,65.93,4.74
118,Dikson,100,RU,2022-10-06 01:52:37,88,73.5069,80.5464,31.84,12.33
119,Guerrero Negro,0,MX,2022-10-06 01:52:38,78,27.9769,-114.0611,70.59,11.9
120,Mahebourg,75,MU,2022-10-06 01:52:38,73,-20.4081,57.7,71.89,10.36
121,Kambove,91,CD,2022-10-06 01:52:39,24,-10.8764,26.5969,62.26,4.97
122,Norman Wells,75,CA,2022-10-06 01:52:39,66,65.282,-126.8329,48.24,8.05
123,Tessalit,7,ML,2022-10-06 01:52:39,17,20.1986,1.0114,86.77,11.3
124,Los Llanos De Aridane,0,ES,2022-10-06 01:48:06,66,28.6585,-17.9182,73.13,9.22
125,Chokurdakh,97,RU,2022-10-06 01:52:40,89,70.6333,147.9167,21.4,8.1
126,Bengkulu,23,ID,2022-10-06 01:52:41,68,-3.8004,102.2655,81.46,1.19
127,Loandjili,100,CG,2022-10-06 01:52:41,88,-4.7561,11.8578,77.11,10.36
128,Ratnagiri,100,IN,2022-10-06 01:52:41,84,16.9833,73.3,78.69,6.53
129,Katsuura,100,JP,2022-10-06 01:52:42,91,35.1333,140.3,60.22,22.97
130,Husavik,100,IS,2022-10-06 01:52:42,98,66.0449,-17.3389,36.14,25.12
131,Bluff,95,NZ,2022-10-06 01:52:43,61,-46.6,168.3333,47.8,21.59
132,Laguna,0,US,2022-10-06 01:52:43,42,38.421,-121.4238,90.43,6.91
133,Saint George,0,US,2022-10-06 01:52:43,22,37.1041,-113.5841,86.59,1.99
134,Yulara,0,AU,2022-10-06 01:51:35,17,-25.2406,130.9889,84.74,11.3
135,Aksay,100,RU,2022-10-06 01:52:44,63,47.26,39.87,43.02,5.28
136,Sorong,30,ID,2022-10-06 01:52:45,74,-0.8833,131.25,83.16,3.51
137,Kashi,100,CN,2022-10-06 01:52:45,76,39.4547,75.9797,52.81,13.42
138,Alamogordo,100,US,2022-10-06 01:52:46,73,32.8995,-105.9603,65.21,16.11
139,Belaya Gora,100,RU,2022-10-06 01:52:46,79,68.5333,146.4167,22.73,15.03
140,Touros,10,BR,2022-10-06 01:52:47,85,-5.1989,-35.4608,76.78,10.71
141,Smidovich,1,RU,2022-10-06 01:52:47,38,48.6,133.8167,42.89,17.22
142,Peniche,34,PT,2022-10-06 01:53:47,95,39.3558,-9.3811,63.28,13.94
143,Vostok,49,RU,2022-10-06 01:50:08,41,46.4856,135.8833,37.65,13.13
144,Shimoda,100,JP,2022-10-06 01:53:48,89,34.6667,138.95,59.36,21.56
145,Kuandian,100,CN,2022-10-06 01:53:48,35,40.7286,124.7847,50.65,6.38
146,Sovetskaya Gavan,5,RU,2022-10-06 01:53:49,33,48.9723,140.2878,44.69,11.9
147,North Bend,100,US,2022-10-06 01:53:49,100,43.4065,-124.2243,61.92,13.8
148,Sao Joao Da Barra,78,BR,2022-10-06 01:53:50,87,-21.6403,-41.0511,70.83,9.15
149,Lata,28,PT,2022-10-06 01:53:51,81,40.1629,-8.3327,63.81,2.51
150,Geraldton,100,AU,2022-10-06 01:53:51,45,-28.7667,114.6,64.81,13.8
151,Castro,100,BR,2022-10-06 01:53:51,96,-24.7911,-50.0119,59.68,5.95
152,Punta Cardon,98,VE,2022-10-06 01:53:52,73,11.6581,-70.215,84.22,13.2
153,Yellowknife,40,CA,2022-10-06 01:53:45,75,62.456,-114.3525,37.92,15.01
154,Petropavlovsk-Kamchatskiy,75,RU,2022-10-06 01:53:52,49,53.0452,158.6483,46.99,17.9
155,Progreso,3,MX,2022-10-06 01:53:53,74,21.2833,-89.6667,76.89,11.32
156,Ometepec,10,MX,2022-10-06 01:53:53,93,16.6833,-98.4167,71.82,1.61
157,Payo,94,ID,2022-10-06 01:53:54,82,-3.7508,103.6372,79.72,1.07
158,Ardesen,100,TR,2022-10-06 01:53:54,86,41.1911,40.9875,65.5,5.37
159,Hambantota,20,LK,2022-10-06 01:53:55,94,6.1241,81.1185,79.14,6.91
160,Tasiilaq,86,GL,2022-10-06 01:53:55,50,65.6145,-37.6368,23.11,6.22
161,Ikere,100,NG,2022-10-06 01:53:56,99,7.4913,5.2322,70.3,2.91
162,Takoradi,55,GH,2022-10-06 01:52:48,93,4.8845,-1.7554,74.93,8.01
163,Souillac,75,MU,2022-10-06 01:53:56,73,-20.5167,57.5167,71.98,10.36
164,Hayden,100,US,2022-10-06 01:53:57,69,47.766,-116.7866,68.49,1.01
165,Muros,60,ES,2022-10-06 01:53:57,82,42.7762,-9.0603,65.08,14.07
166,Half Moon Bay,100,US,2022-10-06 01:53:57,84,37.4636,-122.4286,75.54,17.27
167,Kodiak,100,US,2022-10-06 01:52:04,94,57.79,-152.4072,53.11,11.5
168,Jinji,0,CN,2022-10-06 01:53:58,62,23.2281,110.8261,84.92,6.11
169,Verkh-Usugli,9,RU,2022-10-06 01:53:59,40,52.7,115.1667,32.95,3.24
170,Nouakchott,96,MR,2022-10-06 01:53:59,63,18.0858,-15.9785,93.13,5.93
171,Chuy,100,UY,2022-10-06 01:54:00,82,-33.6971,-53.4616,59.14,11.99
172,Langfang,56,CN,2022-10-06 01:54:01,31,39.5097,116.6947,57.6,4.12
173,Biltine,97,TD,2022-10-06 01:54:01,23,14.5333,20.9167,85.78,1.99
174,Marevo,100,RU,2022-10-06 01:54:02,98,57.3146,32.0804,48.24,6.42
175,Xining,100,CN,2022-10-06 01:54:02,84,36.6167,101.7667,43.57,2.64
176,Chakulia,34,IN,2022-10-06 01:54:03,89,22.4833,86.7167,78.51,5.32
177,Ponca City,99,US,2022-10-06 01:54:03,57,36.707,-97.0856,69.94,8.61
178,Nexo,98,DK,2022-10-06 01:54:04,83,55.0607,15.1306,59.09,28.32
179,Qaanaaq,35,GL,2022-10-06 01:54:04,70,77.484,-69.3632,5.25,7.92
180,Tura,76,IN,2022-10-06 01:54:04,92,25.5198,90.2201,75.97,3.27
181,Necochea,100,AR,2022-10-06 01:54:05,87,-38.5473,-58.7368,53.17,2.93
182,Berdigestyakh,100,RU,2022-10-06 01:54:06,88,62.0989,126.6992,29.62,6.85
183,Trelleborg,100,SE,2022-10-06 01:54:06,80,55.3751,13.1569,59.74,26.82
184,Tiksi,100,RU,2022-10-06 01:54:07,82,71.6872,128.8694,24.51,16.2
185,Luderitz,6,NA,2022-10-06 01:54:07,77,-26.6481,15.1594,53.58,14.12
186,Grand Gaube,8,MU,2022-10-06 01:54:07,76,-20.0064,57.6608,72.0,1.99
187,Hasaki,100,JP,2022-10-06 01:53:02,83,35.7333,140.8333,61.29,26.31
188,Hami,0,CN,2022-10-06 01:55:08,29,42.8,93.45,56.62,6.62
189,Leshukonskoye,100,RU,2022-10-06 01:55:09,97,64.8989,45.7622,44.15,3.27
190,Vila Franca Do Campo,96,PT,2022-10-06 01:55:10,86,37.7167,-25.4333,70.21,11.16
191,Faanui,3,PF,2022-10-06 01:55:10,75,-16.4833,-151.75,78.03,25.14
192,Maragogi,7,BR,2022-10-06 01:55:11,90,-9.0122,-35.2225,75.52,7.25
193,Pavlovka,81,RU,2022-10-06 01:55:11,91,52.6897,47.1405,43.61,8.97
194,Santa Maria,75,BR,2022-10-06 01:55:11,60,-29.6842,-53.8069,67.3,6.91
195,Luena,74,AO,2022-10-06 01:51:26,72,-11.7833,19.9167,61.75,5.23
196,Kuminskiy,100,RU,2022-10-06 01:55:12,73,58.6667,66.5667,42.37,4.56
197,Sakaiminato,75,JP,2022-10-06 01:55:13,63,35.55,133.2333,66.18,14.97
198,Bilma,62,NE,2022-10-06 01:55:14,22,18.6853,12.9164,87.01,13.8
199,Bambous Virieux,75,MU,2022-10-06 01:55:14,73,-20.3428,57.7575,71.85,10.36
200,Den Helder,40,NL,2022-10-06 01:55:14,70,52.9599,4.7593,57.18,23.02
201,Lufkin,0,US,2022-10-06 01:55:15,69,31.3382,-94.7291,73.53,5.21
202,Overyata,100,RU,2022-10-06 01:55:16,88,58.0868,55.8709,42.93,5.19
203,Victoria,51,HK,2022-10-06 01:55:16,71,22.2855,114.1577,87.85,11.01
204,Longyearbyen,40,SJ,2022-10-06 01:55:16,75,78.2186,15.6401,39.04,11.5
205,Kupang,20,ID,2022-10-06 01:55:17,58,-10.1667,123.5833,90.18,12.66
206,Margate,0,GB,2022-10-06 01:54:19,77,51.3813,1.3862,52.3,3.0
207,Doraha,18,IN,2022-10-06 01:55:17,92,30.8167,76.0167,77.92,11.39
208,Obzor,100,BG,2022-10-06 01:55:18,69,42.8167,27.8833,53.28,6.71
209,Byron Bay,100,AU,2022-10-06 01:51:26,89,-28.65,153.6167,67.96,2.26
210,Salalah,93,OM,2022-10-06 01:52:56,82,17.0151,54.0924,76.87,3.36
211,Korla,45,CN,2022-10-06 01:55:19,31,41.7597,86.1469,56.79,3.18
212,College,14,US,2022-10-06 01:55:19,73,64.8569,-147.8028,48.58,2.19
213,Kapaa,28,US,2022-10-06 01:55:20,71,22.0752,-159.319,84.18,1.99
214,Lakes Entrance,96,AU,2022-10-06 01:55:21,67,-37.8811,147.981,65.16,12.93
215,Tabas,0,IR,2022-10-06 01:55:21,18,33.5959,56.9244,73.62,2.3
216,Richards Bay,64,ZA,2022-10-06 01:55:21,87,-28.783,32.0377,72.16,13.65
217,Ahipara,89,NZ,2022-10-06 01:51:33,55,-35.1667,173.1667,55.56,18.3
218,Kaoma,7,ZM,2022-10-06 01:55:22,30,-14.7833,24.8,62.92,6.71
219,Rundu,2,NA,2022-10-06 01:55:23,20,-17.9333,19.7667,70.81,7.47
220,Zhanaozen,11,KZ,2022-10-06 01:55:23,17,43.3,52.8,57.2,12.15
221,Portland,20,US,2022-10-06 01:51:50,76,45.5234,-122.6762,70.52,4.61
222,Avarua,20,CK,2022-10-06 01:55:24,65,-21.2078,-159.775,78.85,18.41
223,Seymchan,100,RU,2022-10-06 01:55:25,87,62.8833,152.4333,21.38,16.02
224,Atar,6,MR,2022-10-06 01:51:03,17,20.5169,-13.0499,90.05,12.86
225,Druzhba,100,UA,2022-10-06 01:55:25,95,52.0428,33.9453,45.57,7.14
226,Anshun,100,CN,2022-10-06 01:55:26,80,26.25,105.9333,67.44,15.03
227,Alenquer,6,BR,2022-10-06 01:56:27,52,-1.9417,-54.7383,82.02,4.23
228,Alyangula,57,AU,2022-10-06 01:54:27,59,-13.8483,136.4192,87.06,6.98
229,Misratah,3,LY,2022-10-06 01:56:27,61,32.3754,15.0925,73.0,10.31
230,Verona,40,IT,2022-10-06 01:56:28,94,45.4167,11.0333,60.39,3.44
231,Jos,44,NG,2022-10-06 01:56:28,80,9.9167,8.9,64.18,3.27
232,Bandarbeyla,9,SO,2022-10-06 01:51:40,88,9.4942,50.8122,75.87,19.26
233,Omsukchan,100,RU,2022-10-06 01:56:29,79,62.5333,155.8,15.55,8.59
234,Kwakoa,100,TZ,2022-10-06 01:56:29,81,-3.7667,37.7167,67.41,3.38
235,Marawi,72,PH,2022-10-06 01:56:30,66,7.9986,124.2928,80.51,2.66
236,Saint-Philippe,40,RE,2022-10-06 01:56:30,77,-21.3585,55.7679,63.99,11.54
237,Barcelona,40,ES,2022-10-06 01:55:17,84,41.3888,2.159,71.55,5.75
238,Cooma,100,AU,2022-10-06 01:56:31,93,-36.2333,149.1333,53.37,17.27
239,Lillooet,28,CA,2022-10-06 01:56:31,47,50.6856,-121.942,68.65,1.88
240,Tual,98,ID,2022-10-06 01:56:32,75,-5.6667,132.75,83.32,10.11
241,Itoman,40,JP,2022-10-06 01:56:32,70,26.1247,127.6694,84.4,11.5
242,Kenai,75,US,2022-10-06 01:51:53,64,60.5544,-151.2583,55.49,17.27
243,Hoquiam,17,US,2022-10-06 01:56:33,92,46.9809,-123.8893,63.45,4.79
244,Labuhan,75,ID,2022-10-06 01:56:27,68,-6.8844,112.2051,83.88,8.34
245,Rapid Valley,45,US,2022-10-06 01:56:33,54,44.0625,-103.1463,64.63,1.99
246,Mezhdurechensk,100,RU,2022-10-06 01:56:34,100,53.6942,88.0603,34.65,2.06
247,Saryagash,0,KZ,2022-10-06 01:56:34,18,41.4511,69.1701,48.16,1.81
248,Auki,88,SB,2022-10-06 01:56:34,57,-8.7676,160.7034,86.22,3.62
249,Nioro,20,GM,2022-10-06 01:56:35,91,13.35,-15.75,75.88,6.02
250,Iracoubo,2,GF,2022-10-06 01:56:35,84,5.4802,-53.2011,79.23,9.95
251,Hazleton,40,US,2022-10-06 01:52:59,91,40.9584,-75.9746,53.94,0.0
252,La Troncal,95,EC,2022-10-06 01:56:36,84,-2.4,-79.3333,74.46,1.25
253,Mezen,100,RU,2022-10-06 01:55:42,95,65.8522,44.24,44.28,4.45
254,Wuwei,84,CN,2022-10-06 01:56:37,50,37.9281,102.6414,51.78,7.99
255,Yatou,51,CN,2022-10-06 01:56:37,45,37.15,122.3833,58.3,18.05
256,Fort Nelson,20,CA,2022-10-06 01:56:17,70,58.8053,-122.7002,44.19,9.22
257,Provideniya,100,RU,2022-10-06 01:56:38,100,64.3833,-173.3,41.36,35.99
258,Ayan,99,RU,2022-10-06 01:56:38,45,56.45,138.1667,35.62,18.86
259,Severo-Kurilsk,33,RU,2022-10-06 01:56:39,51,50.6789,156.125,46.78,11.52
260,Lucapa,100,AO,2022-10-06 01:56:39,90,-8.4192,20.7447,66.76,2.19
261,Songea,5,TZ,2022-10-06 01:56:40,73,-10.6833,35.65,57.06,4.21
262,San Cristobal,100,VE,2022-10-06 01:56:40,96,7.7669,-72.225,71.78,2.24
263,Bhainsdehi,100,IN,2022-10-06 01:56:40,91,21.6467,77.6325,71.76,3.49
264,Ushtobe,0,KZ,2022-10-06 01:56:41,28,45.2514,77.9838,46.92,7.58
265,Almirante Tamandare,75,BR,2022-10-06 01:56:41,91,-25.3247,-49.31,58.68,9.22
266,Leningradskiy,100,RU,2022-10-06 01:56:42,90,69.3833,178.4167,31.41,9.73
267,Jalu,8,LY,2022-10-06 01:56:42,50,29.0331,21.5482,70.83,10.2
268,Mpika,29,ZM,2022-10-06 01:56:43,53,-11.8343,31.4529,59.47,6.58
269,Fort Walton Beach,3,US,2022-10-06 01:56:43,66,30.4058,-86.6188,75.97,5.99
270,Jacqueville,62,CI,2022-10-06 01:56:44,91,5.2052,-4.4146,75.74,8.72
271,Barrow,100,US,2022-10-06 01:56:44,91,71.2906,-156.7887,31.28,9.95
272,Fairbanks,14,US,2022-10-06 01:55:03,72,64.8378,-147.7164,48.6,2.33
273,Puteyets,100,RU,2022-10-06 01:56:44,93,65.1716,57.091,41.88,9.06
274,Port Lincoln,0,AU,2022-10-06 01:57:45,57,-34.7333,135.8667,67.59,7.36
275,Hefei,100,CN,2022-10-06 01:57:45,93,31.8639,117.2808,51.82,8.95
276,Aklavik,100,CA,2022-10-06 01:57:46,92,68.2191,-135.0107,35.35,14.43
277,Bowen,7,AU,2022-10-06 01:57:46,67,-20.0167,148.2333,78.48,16.11
278,Abnub,0,EG,2022-10-06 01:57:47,67,27.2696,31.1511,73.62,12.24
279,Koson,0,UZ,2022-10-06 01:57:47,27,39.0375,65.585,48.52,8.59
280,Oksfjord,100,NO,2022-10-06 01:57:48,96,70.2396,22.3479,44.78,11.95
281,Botou,73,CN,2022-10-06 01:57:48,45,38.0667,116.5667,55.87,4.38
282,Hithadhoo,100,MV,2022-10-06 01:57:48,74,-0.6,73.0833,82.42,20.51
283,Kamenka,80,RU,2022-10-06 01:57:49,89,51.3223,42.7678,44.78,10.29
284,Kaeo,45,NZ,2022-10-06 01:53:00,52,-35.1,173.7833,56.82,14.12
285,Madimba,31,TZ,2022-10-06 01:57:50,86,-10.4,40.3333,70.45,3.18
286,Petauke,4,ZM,2022-10-06 01:57:50,32,-14.2426,31.3253,65.91,5.23
287,Luanda,20,AO,2022-10-06 01:57:50,88,-8.8368,13.2343,73.4,4.61
288,Shelburne,93,CA,2022-10-06 01:57:51,72,44.0787,-80.2041,59.76,6.76
289,Maiduguri,100,NG,2022-10-06 01:57:51,71,11.8464,13.1603,78.24,4.79
290,Sao Felix Do Xingu,87,BR,2022-10-06 01:57:52,46,-6.6447,-51.995,79.54,1.52
291,Iqaluit,100,CA,2022-10-06 01:56:09,100,63.7506,-68.5145,31.73,6.91
292,Puerto Madero,100,MX,2022-10-06 01:57:52,74,14.7208,-92.4215,81.14,1.34
293,Samarai,61,PG,2022-10-06 01:57:53,76,-10.6167,150.6667,82.96,9.78
294,Xiongyue,82,CN,2022-10-06 01:57:53,45,40.1774,122.1228,54.52,5.1
295,Yumen,0,CN,2022-10-06 01:57:54,40,40.2833,97.2,48.11,6.26
296,Liaozhong,100,CN,2022-10-06 01:57:54,32,41.5061,122.7242,50.68,5.84
297,Dayong,26,CN,2022-10-06 01:57:54,54,25.0209,118.2898,84.72,5.46
298,Cidreira,100,BR,2022-10-06 01:57:55,84,-30.1811,-50.2056,63.41,21.72
299,Murray Bridge,0,AU,2022-10-06 01:57:56,44,-35.1167,139.2667,75.13,12.71
300,Buraydah,0,SA,2022-10-06 01:53:11,17,26.326,43.975,70.25,5.66
301,Bonthe,100,SL,2022-10-06 01:57:56,88,7.5264,-12.505,76.87,1.72
302,Praia Da Vitoria,75,PT,2022-10-06 01:57:57,94,38.7333,-27.0667,68.76,15.73
303,Fort Carson,84,US,2022-10-06 01:57:57,77,38.7375,-104.7889,57.56,4.0
304,Saint-Joseph,16,RE,2022-10-06 01:57:57,76,-21.3667,55.6167,62.98,11.16
305,Usvyaty,100,RU,2022-10-06 01:57:58,98,55.7456,30.7533,47.62,5.75
306,Saint Anthony,96,US,2022-10-06 01:57:58,81,45.0205,-93.218,64.92,4.32
307,Pyaozerskiy,100,RU,2022-10-06 01:57:59,92,65.8333,31.1667,44.85,12.82
308,Phan Thiet,95,VN,2022-10-06 01:57:59,70,10.9333,108.1,84.22,5.44
309,Bandiagara,36,ML,2022-10-06 01:57:59,54,14.3501,-3.6104,83.66,7.76
310,Trelew,100,AR,2022-10-06 01:58:00,23,-43.249,-65.3051,67.23,22.08
311,Evensk,81,RU,2022-10-06 01:58:00,74,61.95,159.2333,30.15,11.18
312,Talnakh,100,RU,2022-10-06 01:55:22,95,69.4865,88.3972,31.21,3.98
313,Belyy Yar,0,RU,2022-10-06 01:58:01,81,53.6039,91.3903,39.09,4.47
314,Shingu,100,JP,2022-10-06 01:58:01,72,33.7333,135.9833,66.31,4.38
315,Nouadhibou,66,MR,2022-10-06 01:58:02,47,20.931,-17.0347,82.38,19.57
316,Hailar,9,CN,2022-10-06 01:58:02,36,49.2,119.7,37.92,8.14
317,Saint-Augustin,67,CA,2022-10-06 01:58:03,94,51.226,-58.6502,49.75,4.88
318,Kudahuvadhoo,93,MV,2022-10-06 01:58:03,77,2.6708,72.8944,81.25,17.81
319,Fukue,75,JP,2022-10-06 01:58:03,83,32.6881,128.8419,68.36,6.91
320,Mahajanga,0,MG,2022-10-06 01:57:31,73,-15.7167,46.3167,69.82,5.75
321,Umm Lajj,0,SA,2022-10-06 01:59:04,54,25.0213,37.2685,84.02,9.8
322,Puerto Baquerizo Moreno,88,EC,2022-10-06 01:59:05,87,-0.9,-89.6,67.35,11.23
323,Klaksvik,78,FO,2022-10-06 01:59:05,80,62.2266,-6.589,49.12,27.42
324,Buala,89,SB,2022-10-06 01:59:06,58,-8.145,159.5921,85.8,7.05
325,Raga,100,SS,2022-10-06 01:59:06,93,8.4596,25.678,69.01,1.68
326,Kindu,100,CD,2022-10-06 01:59:07,95,-2.95,25.95,68.68,1.74
327,Comodoro Rivadavia,0,AR,2022-10-06 01:59:07,62,-45.8667,-67.5,49.86,4.61
328,Sao Filipe,54,CV,2022-10-06 01:59:08,86,14.8961,-24.4956,78.19,13.62
329,Dingle,63,PH,2022-10-06 01:59:08,73,10.9995,122.6711,85.75,10.2
330,Samfya,65,ZM,2022-10-06 01:59:09,44,-11.3649,29.5565,67.33,9.1
331,Ruwi,0,OM,2022-10-06 01:59:09,54,23.5996,58.5507,82.38,3.87
332,Chihuahua,100,MX,2022-10-06 01:55:05,59,28.5,-106.0,64.81,5.19
333,Aykhal,79,RU,2022-10-06 01:59:10,94,66.0,111.5,19.96,8.48
334,Chanute,89,US,2022-10-06 01:59:10,43,37.6792,-95.4572,64.62,9.53
335,Turan,20,VN,2022-10-06 01:59:11,79,16.0678,108.2208,84.18,3.44
336,Oktyabrskiy,100,RU,2022-10-06 01:56:30,65,54.4815,53.471,48.45,10.67
337,Sao Desiderio,58,BR,2022-10-06 01:59:12,35,-12.3633,-44.9733,80.29,2.95
338,Batagay-Alyta,97,RU,2022-10-06 01:59:12,78,67.8006,130.4114,21.99,12.48
339,Nabire,44,ID,2022-10-06 01:59:12,73,-3.3667,135.4833,84.02,3.06
340,Prince Rupert,75,CA,2022-10-06 01:59:13,84,54.3161,-130.3201,60.89,10.36
341,Honiara,98,SB,2022-10-06 01:59:13,53,-9.4333,159.95,87.98,7.38
342,Knysna,2,ZA,2022-10-06 01:59:14,90,-34.0363,23.0471,52.83,5.17
343,Beloha,0,MG,2022-10-06 01:59:14,88,-25.1667,45.05,66.52,5.53
344,Batsfjord,100,NO,2022-10-06 01:59:15,87,70.6345,29.7185,40.93,12.66
345,Puerto Escondido,17,MX,2022-10-06 01:59:15,78,15.85,-97.0667,80.37,6.17
346,Matara,100,LK,2022-10-06 01:59:16,83,5.9485,80.5353,78.98,13.76
347,La Union,4,PE,2022-10-06 01:59:16,78,-5.4,-80.75,62.94,14.56
348,Tuatapere,96,NZ,2022-10-06 01:59:17,75,-46.1333,167.6833,45.73,14.9
349,The Valley,7,AI,2022-10-06 01:59:17,77,18.217,-63.0578,82.81,20.4
350,Ghatal,19,IN,2022-10-06 01:59:17,85,22.6667,87.7167,80.91,5.68
351,Kota Belud,89,MY,2022-10-06 01:59:18,63,6.351,116.4305,85.26,3.94
352,Batemans Bay,100,AU,2022-10-06 01:59:19,95,-35.7167,150.1833,59.09,11.86
353,Chara,96,RU,2022-10-06 01:59:19,61,56.9064,118.2631,25.5,3.94
354,Cockburn Town,100,TC,2022-10-06 01:55:44,74,21.4612,-71.1419,83.46,12.66
355,Pevek,100,RU,2022-10-06 01:56:31,95,69.7008,170.3133,31.8,9.8
356,Zlobin,0,HR,2022-10-06 01:59:20,90,45.2924,14.6541,51.58,1.14
357,Altar,62,MX,2022-10-06 01:59:20,46,30.7,-111.8167,80.06,7.9
358,Esso,84,RU,2022-10-06 01:59:21,80,55.9333,158.7,33.24,13.42
359,Marrakesh,2,MA,2022-10-06 01:59:21,56,31.6315,-8.0083,68.07,4.61
360,Griffith,0,US,2022-10-06 01:59:22,58,41.5284,-87.4237,67.89,0.0
361,Katunino,74,RU,2022-10-06 01:59:22,98,64.3862,40.6298,46.29,3.98
362,Camana,13,PE,2022-10-06 01:59:22,81,-16.6228,-72.7111,60.15,11.18
363,Caravelas,66,BR,2022-10-06 01:55:39,85,-17.7125,-39.2481,74.57,6.51
364,Alamos,0,MX,2022-10-06 01:59:23,56,27.0167,-108.9333,75.72,2.08
365,Beringovskiy,40,RU,2022-10-06 01:59:24,79,63.05,179.3167,42.69,29.28
366,Saldanha,100,ZA,2022-10-06 02:00:24,77,-33.0117,17.9442,56.26,4.34
367,Gladstone,100,AU,2022-10-06 01:59:12,53,-23.85,151.25,76.93,12.66
368,Chardara,0,KZ,2022-10-06 02:00:25,36,41.2547,67.9692,50.59,6.42
369,Nizhniy Chir,6,RU,2022-10-06 02:00:26,75,48.3597,43.0865,50.49,9.53
370,Aswan,0,EG,2022-10-06 01:58:02,30,24.0934,32.907,85.3,5.75
371,Huancavelica,18,PE,2022-10-06 01:59:17,46,-12.7667,-74.9833,41.22,6.15
372,Pangnirtung,100,CA,2022-10-06 02:00:26,93,66.1451,-65.7125,30.92,2.91
373,Saint-Francois,20,FR,2022-10-06 02:00:27,94,46.4154,3.9054,54.68,2.3
374,Itinga,28,BR,2022-10-06 02:00:27,77,-16.6131,-41.7653,73.87,2.98
375,Fortuna,47,US,2022-10-06 02:00:28,85,40.5982,-124.1573,59.94,1.01
376,Clovis,0,US,2022-10-06 02:00:09,40,36.8252,-119.7029,85.05,3.69
377,Aden,86,YE,2022-10-06 02:00:28,70,12.7794,45.0367,85.35,0.92
378,Tautira,68,PF,2022-10-06 02:00:29,71,-17.7333,-149.15,76.57,23.71
379,Tilichiki,62,RU,2022-10-06 02:00:29,72,60.4667,166.1,37.81,28.14
380,Sambava,2,MG,2022-10-06 02:00:30,88,-14.2667,50.1667,67.91,10.13
381,Ucluelet,100,CA,2022-10-06 01:57:19,89,48.9329,-125.5528,62.91,6.85
382,Sokoni,3,TZ,2022-10-06 02:00:30,75,-6.4333,39.55,75.43,10.18
383,Udachnyy,94,RU,2022-10-06 02:00:31,93,66.4167,112.4,19.6,11.03
384,General Teran,100,MX,2022-10-06 02:00:31,54,25.2667,-99.6833,77.34,0.92
385,Vestmannaeyjar,46,IS,2022-10-06 02:00:32,68,63.4427,-20.2734,44.94,13.27
386,Camocim,5,BR,2022-10-06 02:00:32,84,-2.9022,-40.8411,77.77,13.65
387,Bedesa,24,ET,2022-10-06 02:00:33,71,8.9,40.7833,60.33,2.75
388,Kefamenanu,100,ID,2022-10-06 02:00:34,55,-9.4467,124.4781,85.37,7.0
389,Abonnema,95,NG,2022-10-06 02:00:34,92,4.7084,6.7931,75.51,5.35
390,Contamana,100,PE,2022-10-06 02:00:34,50,-7.3333,-75.0167,83.93,1.83
391,Huarmey,68,PE,2022-10-06 02:00:35,82,-10.0681,-78.1522,61.41,9.95
392,Burns Lake,58,CA,2022-10-06 02:00:35,68,54.2331,-125.7533,58.28,3.0
393,Fare,0,PF,2022-10-06 02:00:36,75,-16.7,-151.0167,77.72,25.57
394,Dwarka,16,IN,2022-10-06 02:00:36,72,22.2394,68.9678,81.0,12.19
395,Oranjemund,7,NA,2022-10-06 01:59:40,92,-28.55,16.4333,53.44,8.21
396,Uaua,18,BR,2022-10-06 02:00:37,69,-9.8414,-39.4817,74.5,15.35
397,Maniitsoq,89,GL,2022-10-06 02:00:38,67,65.4167,-52.9,32.52,11.95
398,Antofagasta,0,CL,2022-10-06 01:56:03,60,-23.65,-70.4,58.28,9.15
399,Yerbogachen,53,RU,2022-10-06 02:00:38,65,61.2767,108.0108,32.14,5.55
400,Zhigansk,100,RU,2022-10-06 02:00:39,80,66.7697,123.3711,24.73,26.08
401,Bangolo,100,CI,2022-10-06 02:00:40,100,7.0069,-7.475,69.31,1.43
402,Felipe Carrillo Puerto,31,MX,2022-10-06 02:00:40,79,19.5833,-88.05,72.73,2.26
403,Anadyr,75,RU,2022-10-06 02:00:41,93,64.75,177.4833,45.1,22.37
404,Camacha,40,PT,2022-10-06 02:00:41,73,33.0833,-16.3333,67.42,12.66
405,Taltal,0,CL,2022-10-06 02:00:21,59,-25.4,-70.4833,60.26,8.41
406,Floro,100,NO,2022-10-06 02:00:42,82,61.5996,5.0328,51.76,27.63
407,Tarko-Sale,99,RU,2022-10-06 02:00:43,75,64.9225,77.785,33.96,1.7
408,Veraval,37,IN,2022-10-06 02:00:43,77,20.9,70.3667,79.72,11.5
409,Bubaque,27,GW,2022-10-06 02:00:44,80,11.2833,-15.8333,81.59,7.07
410,Northam,0,GB,2022-10-06 02:00:44,74,51.0333,-4.2167,55.62,15.84
411,Ostrovnoy,88,RU,2022-10-06 02:00:44,82,68.0531,39.5131,46.02,17.58
412,Shakhtinsk,56,KZ,2022-10-06 02:01:45,55,49.71,72.5872,42.6,2.3
413,Ballina,100,AU,2022-10-06 02:01:45,92,-28.8667,153.5667,60.64,1.99
414,Barabai,94,ID,2022-10-06 02:01:46,90,-2.5833,115.3833,77.05,3.27
415,Redlands,1,US,2022-10-06 01:56:56,57,34.0556,-117.1825,83.53,2.53
416,Sartana,100,UA,2022-10-06 02:01:46,67,47.1744,37.6927,52.54,7.38
417,Nenjiang,0,CN,2022-10-06 02:01:47,28,49.1833,125.2167,43.25,7.36
418,Hobe Sound,0,US,2022-10-06 02:01:47,71,27.0595,-80.1364,77.95,11.14
419,West Bay,75,KY,2022-10-06 02:01:48,74,19.3667,-81.4167,84.27,6.91
420,Bani Walid,0,LY,2022-10-06 02:01:48,73,31.7566,13.9942,65.71,8.03
421,Bodri,53,IN,2022-10-06 02:01:49,86,23.1667,81.4333,75.04,6.69
422,Garowe,99,SO,2022-10-06 02:01:49,69,8.4054,48.4845,75.07,15.52
423,Anloga,99,GH,2022-10-06 02:01:50,88,5.7947,0.8973,77.4,11.14
424,Road Town,40,VG,2022-10-06 01:57:46,84,18.4167,-64.6167,84.24,8.05
425,Aguimes,20,ES,2022-10-06 02:01:50,78,27.9054,-15.4461,70.66,20.0
426,Benalla,100,AU,2022-10-06 02:01:51,95,-36.55,145.9833,53.96,12.17
427,Karratha,0,AU,2022-10-06 02:01:51,25,-20.7377,116.8463,85.5,11.25
428,Kuusamo,100,FI,2022-10-06 02:01:52,100,65.9667,29.1833,44.64,14.97
429,Qasigiannguit,100,GL,2022-10-06 02:01:52,79,68.8193,-51.1922,25.05,3.4
430,Minbu,11,MM,2022-10-06 02:01:53,75,20.1833,94.8833,82.62,3.8
431,Broome,0,US,2022-10-06 02:01:53,79,42.2506,-75.833,53.62,2.53
432,Kaarina,100,FI,2022-10-06 02:01:54,91,60.4072,22.369,57.52,16.11
433,Hay River,0,CA,2022-10-06 02:01:54,54,60.8156,-115.7999,43.16,8.86
434,Tocopilla,0,CL,2022-10-06 02:01:55,59,-22.092,-70.1979,62.38,9.53
435,Aktash,96,RU,2022-10-06 02:01:55,68,50.3,87.7333,31.55,5.26
436,Bria,100,CF,2022-10-06 02:01:56,98,6.5423,21.9863,68.25,1.01
437,Flinders,100,AU,2022-10-06 02:01:56,93,-34.5833,150.8552,61.38,5.01
438,Hirara,30,JP,2022-10-06 02:01:57,79,24.8,125.2833,80.4,16.42
439,Haines Junction,80,CA,2022-10-06 02:01:57,90,60.7522,-137.5108,46.99,6.11
440,Thetford Mines,0,CA,2022-10-06 02:01:57,82,46.0913,-71.3013,44.28,2.15
441,Huilong,100,CN,2022-10-06 02:01:58,76,31.8111,121.655,63.93,12.26
442,Rio Grande,100,BR,2022-10-06 02:01:58,82,-32.035,-52.0986,61.16,18.92
443,General Pico,100,AR,2022-10-06 02:01:59,84,-35.6566,-63.7568,52.66,0.83
444,Port Hedland,5,AU,2022-10-06 02:01:03,39,-20.3167,118.5667,84.25,9.22
445,Sjenica,100,RS,2022-10-06 02:01:59,62,43.2731,19.9994,42.64,2.66
446,Monrovia,100,LR,2022-10-06 02:00:46,87,6.3005,-10.7969,76.51,5.1
447,Dharchula,100,IN,2022-10-06 02:02:00,77,29.85,80.5333,68.49,0.98
448,Utica,0,US,2022-10-06 01:59:58,72,43.1009,-75.2327,55.72,3.09
449,Vianopolis,13,BR,2022-10-06 02:02:00,78,-16.7419,-48.5164,67.51,2.06
450,Tiarei,43,PF,2022-10-06 02:02:01,71,-17.5333,-149.3333,84.22,25.66
451,Tosya,58,TR,2022-10-06 02:02:01,89,41.0155,34.0401,47.64,4.38
452,Ust-Tsilma,100,RU,2022-10-06 02:02:02,95,65.441,52.1498,43.0,4.7
453,Sistranda,50,NO,2022-10-06 02:02:02,65,63.7256,8.834,46.36,27.2
454,Ancud,95,CL,2022-10-06 02:02:03,86,-41.8697,-73.8203,48.02,10.89
455,Te Anau,100,NZ,2022-10-06 02:02:03,82,-45.4167,167.7167,41.86,2.91
456,Pietarsaari,100,FI,2022-10-06 02:02:04,95,63.65,22.6833,55.53,19.84
457,Nemuro,100,JP,2022-10-06 02:02:04,61,43.3236,145.575,52.3,19.44
458,Srednekolymsk,100,RU,2022-10-06 01:59:15,93,67.45,153.6833,23.07,25.99
459,Lompoc,2,US,2022-10-06 02:00:04,87,34.6391,-120.4579,75.34,1.99
460,Yele,82,CM,2022-10-06 02:03:05,71,10.7323,13.5891,68.81,3.67
461,Safford,0,US,2022-10-06 02:03:06,52,32.834,-109.7076,72.1,4.61
462,Lichtenburg,0,ZA,2022-10-06 02:03:06,44,-26.152,26.1597,65.79,16.2
463,Baturaja,100,ID,2022-10-06 02:03:07,82,-4.1333,104.1667,79.59,1.3
464,Cedar City,11,US,2022-10-06 01:58:08,28,37.6775,-113.0619,63.39,4.63
465,Imelda,71,PH,2022-10-06 02:03:07,73,7.65,123.95,85.21,2.21
466,Rio Gallegos,100,AR,2022-10-06 02:01:49,53,-51.6226,-69.2181,47.35,8.68
467,Waddan,0,LY,2022-10-06 02:03:08,74,29.1614,16.139,67.91,7.96
468,Blacksburg,0,US,2022-10-06 02:03:09,82,37.2296,-80.4139,59.16,0.0
469,Kongolo,100,CD,2022-10-06 02:03:09,76,-5.3833,27.0,71.78,4.45
470,Bonavista,100,CA,2022-10-06 02:03:10,78,48.6499,-53.1147,53.17,10.83
471,Salta,0,AR,2022-10-06 02:03:10,37,-24.7859,-65.4117,71.58,11.01
472,Amarante Do Maranhao,1,BR,2022-10-06 02:03:11,46,-5.5667,-46.7422,80.29,4.05
473,Sitka,100,US,2022-10-06 02:03:11,93,57.0531,-135.33,56.93,3.02
474,Constitucion,75,CL,2022-10-06 02:01:31,87,-35.3333,-72.4167,49.17,5.66
475,Barcelos,100,PT,2022-10-06 02:03:12,84,41.5388,-8.6151,65.91,4.56
476,Barrhead,75,GB,2022-10-06 01:59:44,85,55.7992,-4.3929,53.13,18.41
477,Mundo Nuevo,16,MX,2022-10-06 02:03:13,72,18.7,-95.5,78.35,11.43
478,Uncia,0,BO,2022-10-06 02:03:13,16,-18.467,-66.5685,41.76,16.67
479,Sorland,100,NO,2022-10-06 02:03:13,84,67.667,12.6934,46.26,34.38
480,Mayo,40,US,2022-10-06 02:03:14,94,38.8876,-76.5119,60.75,3.44
481,Shagonar,100,RU,2022-10-06 02:03:14,62,51.5333,92.8,43.03,0.81
482,Tigil,81,RU,2022-10-06 02:03:15,72,57.8,158.6667,38.44,28.45
483,Goure,100,NE,2022-10-06 02:03:15,45,13.9835,10.2704,84.85,6.2
484,Mount Isa,0,AU,2022-10-06 02:02:48,35,-20.7333,139.5,89.37,8.05
485,Peterhead,73,GB,2022-10-06 02:03:16,70,57.5058,-1.7981,52.2,22.59
486,Ygatimi,79,PY,2022-10-06 02:03:16,93,-24.0833,-55.5,68.9,10.02
487,Namibe,50,AO,2022-10-06 02:03:17,90,-15.1961,12.1522,62.01,7.61
488,Kintampo,100,GH,2022-10-06 02:03:17,94,8.0563,-1.7306,71.6,3.83
489,Loreto,100,MX,2022-10-06 02:03:18,76,22.2667,-101.9667,61.07,8.52
490,Oshakati,37,NA,2022-10-06 02:03:18,21,-17.7833,15.6833,68.99,8.99
491,Flin Flon,0,CA,2022-10-06 02:00:30,51,54.7682,-101.865,32.04,4.97
492,Show Low,20,US,2022-10-06 02:03:19,59,34.2542,-110.0298,59.29,3.44
493,Dinar,0,TR,2022-10-06 02:03:19,88,38.065,30.1656,53.56,6.35
494,Port Moresby,53,PG,2022-10-06 02:03:20,67,-9.4431,147.1797,85.51,8.68
495,San Rafael,14,AR,2022-10-06 02:01:01,53,-34.6177,-68.3301,55.74,8.46
496,Tommot,100,RU,2022-10-06 02:03:20,89,58.9564,126.2925,31.51,11.59
497,Skjervoy,100,NO,2022-10-06 02:03:21,82,70.0311,20.9714,44.6,19.53
498,Sivaki,36,RU,2022-10-06 02:03:21,37,52.6333,126.75,37.99,9.66
499,Peleduy,98,RU,2022-10-06 02:03:22,62,59.6289,112.7406,33.13,8.95
500,Zeven,89,DE,2022-10-06 02:03:22,82,53.3,9.2833,56.93,18.39
501,Mascote,15,BR,2022-10-06 02:03:22,95,-15.5631,-39.3025,68.65,3.38
502,Seoul,50,KR,2022-10-06 02:01:57,63,37.5683,126.9778,65.59,2.53
503,Sao Miguel Do Araguaia,33,BR,2022-10-06 02:03:23,38,-13.275,-50.1628,84.74,2.57
504,Lubawa,6,PL,2022-10-06 02:04:23,80,53.5043,19.7497,51.4,11.36
505,Worland,100,US,2022-10-06 02:00:06,33,44.0169,-107.9554,60.89,4.32
506,Sapa,100,PH,2022-10-06 02:04:24,70,5.1544,120.3241,84.34,2.53
507,Lubao,78,PH,2022-10-06 02:04:25,69,14.9167,120.55,91.11,8.5
508,Magadan,75,RU,2022-10-06 02:04:25,46,59.5667,150.8,31.53,4.34
509,Harper,100,LR,2022-10-06 02:04:26,91,4.375,-7.7169,75.85,4.68
510,Arman,100,RU,2022-10-06 02:04:26,45,59.7,150.1667,32.02,3.13
511,Urengoy,100,RU,2022-10-06 02:04:27,73,65.9667,78.3667,34.16,2.01
512,Arys,0,KZ,2022-10-06 02:04:27,33,42.4252,68.795,50.68,7.83
513,Otjiwarongo,0,NA,2022-10-06 02:04:27,17,-20.4637,16.6477,67.8,12.39
514,Cairns,100,AU,2022-10-06 02:04:28,71,-16.9167,145.7667,88.07,12.66
515,Trairi,29,BR,2022-10-06 01:59:55,81,-3.2778,-39.2689,78.21,11.74
516,Sorkjosen,100,NO,2022-10-06 02:04:29,70,69.8,20.9333,44.6,23.02
517,Shaowu,100,CN,2022-10-06 02:04:29,90,27.3409,117.4831,69.53,2.46
518,Mossendjo,100,CG,2022-10-06 02:04:29,96,-2.9506,12.7261,70.21,3.0
519,Kirkenes,100,NO,2022-10-06 02:04:30,81,69.7271,30.0458,43.75,14.97
520,Arona,0,ES,2022-10-06 02:04:30,85,28.0996,-16.681,71.91,9.22
521,Port Augusta,1,AU,2022-10-06 02:04:31,31,-32.5,137.7667,79.34,12.17
522,Qaqortoq,10,GL,2022-10-06 02:04:31,85,60.7167,-46.0333,33.66,8.19
523,Kolpny,100,RU,2022-10-06 02:04:31,94,52.2282,37.0368,45.99,8.86
524,Kankon,100,IN,2022-10-06 02:04:32,85,15.0167,74.0167,78.73,8.68
525,Mabaruma,77,GY,2022-10-06 02:04:32,96,8.2,-59.7833,74.23,3.18
526,Hualmay,23,PE,2022-10-06 02:04:33,79,-11.0964,-77.6139,61.25,9.42
527,Meulaboh,88,ID,2022-10-06 02:04:33,86,4.1363,96.1285,77.4,2.48
528,Luau,99,AO,2022-10-06 02:04:33,70,-10.7073,22.2247,67.6,4.05
529,Iquitos,69,PE,2022-10-06 02:04:34,83,-3.7481,-73.2472,78.84,0.0
530,Zomba,0,MW,2022-10-06 02:04:34,36,-15.386,35.3188,66.22,3.15
531,Savinka,6,RU,2022-10-06 02:04:35,74,50.0785,47.0994,50.14,8.23
532,Saint-Georges,100,GD,2022-10-06 02:04:35,84,12.0564,-61.7485,79.45,20.36
533,Mandal,89,IN,2022-10-06 02:04:36,79,25.45,74.5667,76.68,4.99
534,Broken Hill,0,AU,2022-10-06 02:00:44,23,-31.95,141.4333,78.21,14.2
535,Piacabucu,6,BR,2022-10-06 02:04:36,92,-10.4056,-36.4344,75.04,7.7
536,Lixourion,9,GR,2022-10-06 02:04:37,66,38.2019,20.4314,66.34,7.27
537,Bundaberg,70,AU,2022-10-06 02:04:37,66,-24.85,152.35,75.22,5.01
